ID;Nimi;Osoite;x;y
501;Hanasaari;Hanasaarenranta 1;24.840319;60.16582
503;Keilalahti;Keilalahdentie 2;24.827467;60.171524
505;Westendinasema;Westendintie 1;24.805758;60.168266
507;Golfpolku;Golfpolku 3;24.796136;60.168143
509;Revontulentie;Revontulentie 10;24.802938;60.171551
511;Sateentie;Sateentie 2;24.810688;60.173424
513;Hakalehto;Merituulentie 18;24.79139;60.173567
515;Oravannahkatori;Oravannahkatori 1;24.792559;60.175769
517;Länsituuli;Länsituulenkuja 3;24.802049;60.175358
518;Tuulimäki;Itätuulenkuja 11;24.806051;60.174144
519;Tapionaukio;Tapionaukio 9;24.805825;60.176168
521;Kulttuuriaukio;Kulttuuriaukio 2;24.803942;60.177588
523;Ahertajantie;Ahertajantie 1;24.797984;60.17875
525;Mäntyviita;Mäntyviita 2;24.810974;60.178702
527;Otsolahti;Otsolahdentie 18;24.817423;60.178655
529;Keilaniemi (M);Keilaniementie 4;24.82895;60.175233
531;Keilaranta;Keilaranta 13;24.835132;60.178762
532;Betonimies;Betonimiehenkuja 1;24.831804;60.180027
533;Tekniikantie;Tekniikantie 3;24.824747;60.180806
537;Innopoli;Tekniikantie 14;24.81422;60.185096
538;Hagalundinpuisto;Tekniikantie 15;24.817403;60.18363
539;Aalto-yliopisto (M), Tietot;Tietotie 4;24.820099;60.184987
541;Aalto-yliopisto (M), Korkea;Otaniementie 10;24.826671;60.184312
543;Otaranta;Otaranta 6;24.837133;60.18483
545;Sähkömies;Otakaari 3;24.829985;60.188499
547;Jämeräntaival;Otakaari 18;24.835033;60.188118
549;Maarinranta;Maarinrannantie 4;24.810193;60.187529
551;Tietäjä;Valkjärventie 4;24.807083;60.189143
553;Metsänneidonpolku;Metsänneidonpolku 5;24.806152;60.186731
555;Kalevalantie;Kalevalantie 7;24.804022;60.184765
557;Louhentori;Louhentie 16;24.796959;60.18715
559;Pohjankulma;Louhentie 2;24.794014;60.18288
561;Koivu-Mankkaa;Urpu 6;24.78576;60.182976
563;Mankkaanlaaksontie;Mankkaanlaaksontie 1;24.780478;60.188706
565;Mankkaanaukio;Mankkaantie 3;24.769021;60.194599
571;Tapiolan urheilupuisto;Urheilupuistontie 3;24.784654;60.177749
573;Urheilupuisto (M);Jousenpuistonkatu 4;24.779428;60.17465
575;Tontunmäentie;Tontunmäentie 25;24.769667;60.176107
577;Olarinluoma;Olarinluoma 19;24.760606;60.180848
579;Niittymaa;Niittymaantie 2;24.775913;60.171127
581;Niittykumpu (M);Merituulentie 38;24.763184;60.170758
583;Haukilahdenkatu;Ahventie 2;24.772708;60.166481
585;Haukilahdenaukio;Haukilahdenranta 2;24.775882;60.162396
587;Hauenkallio;Hauenkalliontie 12;24.767831;60.162477
589;Haukilahdenranta;Haukilahdenranta 13;24.769864;60.158048
591;Mellstenintie;Mellstenintie 17;24.773993;60.154941
593;Toppelundintie;Toppelundintie 11;24.782477;60.1591405
595;Westendintie;Westendintie 34;24.791754;60.158194
596;Toppelundinportti;Haukilahdenkatu 2;24.7848628;60.1624471
597;Linnakepolku;Westendintie 99;24.790132;60.1637
601;Nokkala;Nokkalanniemi 2;24.754344;60.147974
603;Matinlahdenranta;Rantamäki 2;24.754196;60.151041
607;Nuottaniementie;Nuottatie 1;24.741546;60.147921
609;Sepetlahdentie;Sepetlahdentie 11;24.741234;60.152343
611;Matinkartanontie;Matinkartanontie 2;24.752489;60.156258
613;Matinkyläntie;Joosepinkuja 1;24.744978;60.155689
615;Tiistiläntie;Tiistiläntie 6;24.737664;60.156755
617;Tiistinkallio;Kalastajantie 29;24.729112;60.153737
619;Etuniementie;Kalastajantie 6;24.724835;60.160645
621;Hauenkalliontie;Hauenkalliontie 22;24.756272;60.161138
623;Nelikkotie;Nelikkotie 14;24.74663;60.161588
625;Suomenlahdentie;Suomenlahdentie 2;24.741294;60.160015
627;Piispansilta;Piispansilta 11;24.738416;60.162403
629;Piispanportti;Piispanportti 4;24.732688;60.165603
631;Friisilänaukio;Friisiläntie 2;24.721367;60.162842
633;Avaruuskatu;Avaruuskatu 1;24.724908;60.168971
635;Kuunkatu;Kuunkatu 3;24.726025;60.172673
637;Ruomelantie;Ruomelantie 19;24.729314;60.174524
639;Itäportti;Ruomelantie 5;24.738122;60.174914
641;Komeetankatu;Komeetankatu 2;24.735969;60.167216
643;Auringonkatu;Auringonkatu 2;24.731472;60.171548
645;Piispankallio;Piispankallio 2;24.743532;60.168441
647;Lystimäki;Lystimäentie 2;24.745666;60.172814
649;Lystimäensilta;Vuosikuja 2;24.752442;60.17471
651;Suurpellonaukio;Suurpellon puistokatu 4;24.744131;60.184596
653;Lukutori;Suurpellon puistokatu 18;24.742571;60.187052
701;Gallen-Kallelan tie;Gallen-Kallelan tie 29;24.840699;60.206142
703;Elfvik;Elfvikintie 4;24.8231;60.203852
705;Laajalahden keskus;Kirvuntie 22;24.80493;60.203892
707;Majurinkulma;Itsehallintotie 8;24.824954;60.210735
709;Yhdyskunnankuja;Yhdyskunnankuja 1;24.819549;60.212508
711;Kirjurinkuja;Kirjurinkuja 1;24.826368;60.215751
713;Upseerinkatu;Upseerinkatu 3;24.819396;60.216067
715;Komentajankatu;Perkkaantie 5;24.821932;60.216222
719;Säteri;Säterinkatu 6;24.811572;60.213443
721;Säterinrinne;Ruusutorpantie 1;24.805613;60.214193
723;Säterinniitty;Säterinpuistontie 16;24.800486;60.214666
725;Rummunlyöjänkatu;Leppävaarankatu 13;24.806279;60.217261
727;Ratsutori;Leppävaarankatu 1;24.812419;60.217311
729;Leppävaaranaukio;Hevosenkenkä 3;24.813885;60.218869
731;Leppävaarankäytävä;Läkkisepänkuja 3;24.813437;60.220254
733;Läkkitori;Läkkisepänkuja 3;24.813109;60.221019
735;Armas Launiksen katu;Armas Launiksen katu 8;24.818128;60.221781
737;Muurarinkuja;Muurarinkuja 4;24.812271;60.223769
739;Postipuun koulu;Mäkkylän puistotie 14;24.826396;60.223827
741;Gransinmäki;Vanha maantie 6;24.804898;60.222154
745;Leppävaaran urheilupuisto;Veräjäpellonkatu 17;24.800971;60.224943
747;Leppävaaran uimahalli;Veräjäpellonkatu 12;24.804735;60.226379
749;Vallikatu;Vallikatu 19;24.813871;60.228463
751;Vallipolku;Vallikatu 12;24.819614;60.227827
753;Linnuntie;Linnuntie 2;24.813954;60.234401
755;Kutsuntatie;Lintulaaksontie 2;24.824561;60.230453
757;Painiitty;Lotankatu 1;24.831397;60.235089
761;Mäkkylän asema;Perkkaantie 20;24.83939;60.220467
763;Kalkkipellonmäki;Turuntie 22;24.833536;60.220551
767;Ruutikatu;Ruutikatu 10;24.820635;60.223377
769;Tiurintie;Kurkijoentie 1;24.814562;60.204951
900;Orionintie;Orionintie 3-5;24.771826;60.180118
901;O'Bike Station;Rauhalanpuisto 11;24.742219;60.163412
902;Derby Business Park;Tarvonsalmenkatu 17;24.835356;60.209017
1;Kaivopuisto;Meritori 1;24.9502114714031;60.155369615074
2;Laivasillankatu;Laivasillankatu 14;24.9565097715858;60.1609890692806
3;Kapteeninpuistikko;Tehtaankatu 13;24.9450181631667;60.1581769029949
4;Viiskulma;Fredrikinkatu 19;24.9417758006418;60.1609858921764
5;Sepänkatu;Tehtaankatu 25;24.9362853002102;60.157948291819
6;Hietalahdentori;Hietalahdenkatu 2;24.9296476311878;60.1622283898112
7;Designmuseo;Korkeavuorenkatu 23;24.9459599998806;60.16310319166
8;Vanha kirkkopuisto;Annankatu 16;24.9391145483706;60.1653538465664
9;Erottajan aukio;Eteläesplanadi 22;24.9441887601673;60.1668948711694
10;Kasarmitori;Fabianinkatu 13;24.9494728793816;60.165017172741
11;Unioninkatu;Eteläesplanadi 1;24.9510226994024;60.1674572921424
12;Kanavaranta;Kanavaranta 1;24.9584922784237;60.1684959040351
13;Merisotilaantori;Merisotilaantori;24.9755284752387;60.1679190540567
14;Senaatintori;Aleksanterinkatu 22;24.9526414004662;60.1691277919118
15;Ritarikatu;Ritarikatu 7;24.9555218601895;60.1710906797301
16;Liisanpuistikko;Liisankatu 1;24.9613746997628;60.1741821916183
17;Varsapuistikko;Yrjö-Koskisen katu 1;24.9494967766807;60.1730909028646
18;Porthania;Yliopistonkatu 3;24.9493081473109;60.1696567475916
19;Rautatientori / itä;Rautatientori 1;24.9425267992462;60.1708235917114
20;Kaisaniemenpuisto;Bergbominkuja 1;24.9433556359399;60.1732349001278
21;Töölönlahdenkatu;Elielinaukio 5;24.9393079129956;60.1721906837527
22;Rautatientori / länsi;Kaivokatu 1;24.9397601000633;60.1706060919732
23;Kiasma;Mannerheiminaukio 1;24.9374279000749;60.1712578922641
24;Mannerheimintie;Mannerheiminitie 18;24.9394194995361;60.1690723919948
25;Narinkka;Narinkka 1;24.9346069826026;60.1700420279259
26;Kamppi (M);Fredrikinkatu 44;24.9305373005364;60.168609492141
27;Eerikinkatu;Eerikinkatu 3;24.9366415937527;60.1677057096398
28;Lastenlehto;Lapinrinne;24.9270362659605;60.1657993006509
29;Baana;Ruoholahdenkatu 23;24.9225706207902;60.1641173724871
30;Itämerentori;Itämerentori 1;24.9145164996449;60.1635308918594
31;Marian sairaala;Pohjoinen Rautatiekatu 33;24.9227415692015;60.1683228179992
32;Eläinmuseo;Pohjoinen Rautatiekatu 13;24.9318975121431;60.1713588986588
33;Kauppakorkeakoulu;Lapuankatu 1;24.923839759;60.171202903
34;Kansallismuseo;Mannerheimintie 30;24.9328983153441;60.173956898526
35;Cygnaeuksenkatu;Cygnaeuksenkatu 1;24.9282685568484;60.1741008716685
36;Apollonkatu;Runeberginkatu 43;24.9224632983339;60.1760927790452
37;Töölönkatu;Pohjoinen Hesperiankatu 3;24.9283525094474;60.1775346191328
38;Töölöntori;Töölöntorinkatu 11;24.9249700522851;60.1791005171717
39;Ooppera;Mannerheimintie 62;24.9266869997467;60.182552891987
40;Hakaniemi (M);John Stenberginranta 6;24.9522579797678;60.1780816347447
41;Ympyrätalo;Porthaninrinne 1;24.949399999845;60.1808629918822
42;Haapaniemenkatu;Haapaniemenkatu 2;24.9551952848707;60.1831601093456
43;Karhupuisto;Agricolankatu 11;24.9526762998375;60.18428329212
44;Sörnäinen (M);Vaasanpuistikko 1a;24.960554135;60.187712639
45;Brahen kenttä;Helsinginkatu 22;24.9508131529517;60.1867902883311
46;Diakoniapuisto;Josafatinkatu 12;24.9435409604638;60.1869040535812
47;Vanha Kauppahalli;Pakkahuoneenlaituri;24.9535685411145;60.1652833427097
48;Mastokatu;Mastokatu 2;24.9674668165293;60.1647464973781
49;Annankatu;Annankatu 5;24.9417379007102;60.1634749245163
50;Melkonkuja;Melkonkuja 1;24.8861093999757;60.1498126916296
51;Itälahdenkatu;Itälahdenkatu 15;24.8812501991249;60.1506599919369
52;Heikkilänaukio;Heikkilänaukio 1;24.879315899385;60.1540762917607
53;Heikkiläntie;Heikkiläntie 7;24.8850653001728;60.1568169919509
54;Gyldenintie;Gyldenintie 2;24.8766657996794;60.1583841916575
55;Puistokaari;Isokaari 30;24.8620200832623;60.1578749328793
56;Luoteisväylä;Luoteisväylä 17;24.8603118531172;60.1653590878524
57;Lauttasaaren ostoskeskus;Lauttasaarentie 26;24.8828103623042;60.1604153459526
58;Lauttasaarensilta;Lauttasaarentie 5;24.8899154000946;60.1611858173089
59;Salmisaarenranta;Salmisaarenranta 9;24.9009334858186;60.164784170294
60;Kaapelitehdas;Tammasaarenlaituri 7;24.90279681;60.161252848
61;Länsisatamankatu;Länsisatamankatu 19;24.9096920006591;60.158927591706
62;Välimerenkatu;Välimerenkatu 9;24.9162412896547;60.1592963414953
63;Jätkäsaarenlaituri;Jätkäsaarenlaituri 1;24.9214896008223;60.1619310923994
64;Tyynenmerenkatu;Rionkatu 6;24.9203435489542;60.1568077714966
65;Hernesaarenranta;Hylkeenpyytäjänkatu 1a;24.9311978237832;60.1535144787873
66;Ehrenströmintie;Ehrenströmintie 3;24.9592122677265;60.1552178275344
67;Perämiehenkatu;Punavuorenkatu 22;24.9340656851355;60.160087584362
68;Albertinkatu;Albertinkatu 17;24.9368050446952;60.1618574790512
69;Kalevankatu;Lapinlahdenkatu 1;24.9314215703651;60.1656801793916
70;Sammonpuistikko;Sammonkatu 3;24.9224112000483;60.1731472920894
71;Hietaniemenkatu;Hiekkarannantie 9;24.9076704246974;60.1733331469852
72;Eteläinen Hesperiankatu;Eteläinen Hesperiankatu 38;24.9155261617436;60.1755926611589
73;Kesäkatu;Kesäkatu 8;24.91325039954;60.1792966924742
74;Rajasaarentie;Rajasaarentie 6;24.9110579020192;60.1831258058734
75;Korjaamo;Töölönkatu 51a;24.919883700552;60.1838636970684
76;Olympiastadion;Toivonkatu 3;24.924961245284;60.1844935075188
77;Nordenskiöldinaukio;Linnankoskenkatu 15-17;24.9172924251712;60.1852461094041
78;Messeniuksenkatu;Messeniuksenkatu 1a;24.9180102002596;60.1878351921237
79;Uimastadion;Hammarskjöldintie 5;24.9292125301786;60.1892523422817
80;Jäähalli;Nordenskiöldinkatu 11;24.9204971353408;60.1893228039601
81;Stenbäckinkatu;Stenbäckinkatu 9;24.9123717007068;60.1883090916703
82;Töölöntulli;Mannerheimintie 112;24.912893019047;60.1909233737999
83;Meilahden sairaala;Haartmaninkatu 4;24.9083351006824;60.1902194919139
84;Paciuksenkatu;Mäntytie 2;24.8999261202594;60.1912061418589
85;Jalavatie;Jalavatie 10;24.9057885671904;60.1934470268502
86;Kuusitie;Mannerheimintie 152;24.9018996998812;60.1952451922329
87;Kustaankatu;Kustaankatu 4b;24.9559903941467;60.1882073042861
88;Kiskontie;Mannerheimintie 99;24.9012350212612;60.1990120683446
89;Tilkanvierto;Tilkankatu 41;24.8992505554038;60.1975748220279
90;Paciuksenkaari;Johannesbergintie 6;24.8911179001253;60.1944474917836
91;Seurasaari;Seurasaarentie 15;24.8847643214706;60.1884345423222
92;Saunalahdentie;Saunalahdentie 1;24.8791652000743;60.1926665197597
93;Torpanranta;Laajalahdentie 1;24.8713963007609;60.1948357920888
94;Laajalahden aukio;Munkkiniemen puistotie 21;24.8763012644261;60.1978706012264
95;Munkkiniemen aukio;Munkkiniemen puistotie 1;24.8840193884533;60.1967237851281
96;Huopalahdentie;Huopalahdentie 13;24.8835764865762;60.199732919393
98;Ulvilantie;Porintie 1;24.8708784784714;60.2038687140902
99;Muusantori;Muusantori 5;24.8559544008311;60.207119292
100;Teljäntie;Ulvilantie 21;24.8686567195812;60.209690428765
101;Munkkivuoren ostoskeskus;Huopalahdentie 20b;24.8798066035013;60.2059834138688
103;Vihdintie;Vihdintie 2;24.8895209008125;60.2089249922173
104;Kriikunakuja;Korppaanmäentie 26;24.8916816998729;60.2056784923064
105;Tilkantori;Tilkantori 3;24.8933660254613;60.2027828953059
106;Korppaanmäentie;Mannerheimintie 170;24.898929699376;60.2034734922503
107;Tenholantie;Kiskontie 22;24.9054367957033;60.202377405156
108;Radiokatu;Kuuluttajankatu 2;24.9182184498931;60.2050064264488
109;Hertanmäenkatu;Radiokuja 2;24.9223311437335;60.2026940388763
110;Maistraatintori;Pasilanraitio 10;24.9248733985577;60.1991509808314
111;Esterinportti;Pasilanraitio 5;24.9267808000548;60.1975723919044
112;Rautatieläisenkatu;Ratapihantie 13;24.9332721002285;60.2014381920031
113;Pasilan asema;Pasilan asema-aukio;24.932799079033;60.1982108580315
114;Ratapihantie;Ratapihantie 1;24.9366332542312;60.1964208157658
115;Venttiilikuja;Venttiilikuja  1 & 2;24.9415225602343;60.1941915204257
116;Linnanmäki;Viipurinkatu 20;24.9401592995968;60.1911410923558
117;Brahen puistikko;Sturenkatu 12;24.9481257001872;60.1896657985504
118;Fleminginkatu;Aleksis Kiven katu 30;24.952206700403;60.1895253157117
119;Gebhardinaukio;Teollisuuskatu 3;24.9550767908172;60.1911804709255
120;Mäkelänkatu;Mäkelänkatu 2;24.9633904702172;60.1896359907606
121;Vilhonvuorenkatu;Vilhonvuorenkatu 12;24.967854123638;60.1864553029206
122;Lintulahdenkatu;Lintulahdenkuja 6;24.962063375375;60.1836809119419
123;Näkinsilta;Sörnäisten rantatie 9;24.9554449266327;60.179750209022
124;Isoisänsilta;Capellan puistotie 2;24.9817926053222;60.1826518123339
125;Arielinkatu;Englantilaisaukio;24.9797385551711;60.1859217406831
126;Kalasatama (M);Hermannin rantatie 2b;24.977153892421;60.1875308427268
127;Teurastamo;Työpajankatu 2a;24.9711566503401;60.1896945837642
128;Päijänteentie;Päijänteentie 1;24.9642238002852;60.1920575919922
129;Pernajantie;Mäkelänkatu 25;24.9579782365195;60.1942276026523
130;Teollisuuskatu;Teollisuuskatu 16;24.9487523997729;60.1934740103444
131;Elimäenkatu;Elimäenkatu 24;24.9476290451587;60.1962195625714
132;Hollolantie;Hollolantie 2;24.9546058093258;60.1958861886173
133;Paavalinpuisto;Hämeentie 96;24.9614401060515;60.1974798068335
134;Haukilahdenkatu;Haukilahdenkatu 6;24.9676238234156;60.1985338962222
135;Velodrominrinne;Mäkelänkatu 70;24.9441912064593;60.2010022969661
136;Sofianlehdonkatu;Isonniitynkatu 7;24.9513635992833;60.2032720921502
137;Arabian kauppakeskus;Hämeentie 111;24.9665718240118;60.2027696318957
138;Arabiankatu;Arabiankatu 7;24.9770790121958;60.2064915569171
139;Muotoilijankatu;Arabiankatu 21;24.9797040460124;60.2097104145027
140;Verkatehtaanpuisto;Hämeentie 159;24.9797491905267;60.2136895158892
141;Intiankatu;Intiankatu 20;24.9676246411057;60.207840227695
142;Koskelantie;Sofianlehdonkatu 13;24.946677279;60.207839984
143;Kuikkarinne;Isokaari 10;24.8694297861453;60.1570959878378
144;Käpyläntie;Käpyläntie 1;24.9588108000086;60.2139042918024
145;Pohjolankatu;Pohjolankatu 1;24.9437964005667;60.2134209918355
146;Pohjolanaukio;Pohjolankatu 40;24.9543597785941;60.2171787502601
147;Käpylän asema;Panuntie 4;24.9479499152249;60.2208033078251
148;Juhana Herttuan tie;Antti Korpin tie 3a;24.9664522586218;60.2185249019981
149;Toinen linja;Toinen linja 25;24.9445685112105;60.1830009926511
150;Töölönlahden puisto;Karamzininranta 4;24.9350784201451;60.1748578219656
161;Eteläesplanadi;Eteläesplanadi 14;24.9471504600595;60.1671998456303
162;Leppäsuonaukio;Leppäsuonaukio 1;24.9265784464228;60.1695846151592
163;Lehtisaarentie;Liljasaarentie 1a;24.8505039451831;60.1819482497591
200;Länsiterminaali;Sammonlaituri;24.9152135431213;60.1504730320499
201;Länsisatamankuja;Länsisatamankatu 26;24.9120898275496;60.1569514968019
202;Merihaka;Hakaniemenranta 10;24.9585285446676;60.1780749105533
203;Opastinsilta;Opastinsilta 10;24.9381525773313;60.1992657652357
204;A.I. Virtasen aukio;Gustaf Hällströmin katu 1;24.9620788508104;60.2055418168461
205;Ilmalan asema;Ilmalantori 1;24.9222198886664;60.2066264297482
206;Ruskeasuon varikko;Mannerheimintie 117;24.8986678907757;60.2076799515229
207;Vanha Viertotie;Vanha Viertotie 23;24.8816602535719;60.2110752881999
208;Valimotie;Valimotie 1;24.8765290693421;60.2159693222985
209;Takomotie;Takomotie 29;24.8710464686467;60.2178996244041
210;Pajamäki;Pajamäentie 12;24.8556743832861;60.2188213176358
211;Haagan tori;Haagan tori 1;24.898930057033;60.2121115807155
212;Tunnelitie;Tunnelitie 3;24.8995694064157;60.2166149334764
213;Huopalahden asema;Huopalahden aseman itäinen raittisilta;24.8950577369046;60.2180961357994
214;Valimon asema;Valimopolku 3;24.8758443985049;60.2223022514537
215;Pitäjänmäen asema;Pitäjänmäentie 21;24.8586292857926;60.2243090934475
216;Jännetie;Konalantie 6;24.8535714902996;60.2267575847976
217;Marttila;Vihdintie 302;24.8732133049419;60.2271498086552
218;Pohjois-Haagan asema;Pennikuja 2;24.8830806372706;60.2300717042706
219;Näyttelijäntie;Kaupintie 3;24.887547040742;60.2328640962858
220;Ida Aalbergin tie;Näyttelijäntie 14;24.8952023541771;60.2295326765972
221;Thalianaukio;Aino Ackten tie 1;24.8947958642764;60.2253423108921
222;Huovitie;Huovitie 10;24.9032866466572;60.2219755272546
223;Hämeenlinnanväylä;Teuvo Pakkalan tie 2;24.9028322456731;60.2274510674778
224;Vesakkotie;Männikkötie 11;24.9266153826484;60.2279595153713
225;Maunula;Maunulanmäki 2;24.9325030021006;60.2303828796011
226;Lepolantie;Lepolantie 61;24.9286046557082;60.2390854029504
227;Kylävoudintie;Kylävoudintie 6;24.9525612440734;60.2244037765729
228;Kustaankartano;Maapadontie 3;24.9487651621964;60.2307028618145
229;Käskynhaltijantie;Hirsipadontie 2;24.957934116941;60.2332319429452
230;Mäkitorpantie;Kylänvanhimmantie 29;24.9603356197765;60.2285300629765
231;Siltavoudintie;Käskynhaltijantie 22;24.9649692401006;60.2337172192606
232;Oulunkylän asema;Oulunkyläntori 2;24.9667185624345;60.2291001546027
233;Kirkkoherrantie;Kirkkoherrantie 5;24.9728193757834;60.2249303574235
234;Otto Brandtin tie;Tulvaniityntie 2;24.9781389181685;60.2317840575086
235;Katariina Saksilaisen katu;Katariina Saksilaisen katu 6;24.9844208812225;60.2172068185826
236;Hernepellontie;Harjannetie 44;24.9886129703087;60.2242412608413
237;Aulangontie;Harjannetie 2;24.9985804201601;60.2302596315427
238;Pihlajamäki;Meripihkatie 3;25.0103139042596;60.2345785634218
239;Viikin tiedepuisto;Viikintori;25.0100484016428;60.2275394155784
240;Viikin normaalikoulu;Kevättori;25.0275940265593;60.2274649666156
241;Agronominkatu;Latokartanontori;25.0328574018929;60.2340530021105
242;Von Daehnin katu;Von Daehnin katu 14;25.0436178847114;60.2303443513437
243;Mustikkamaa;Mustikkamaantie 8;24.992105405271;60.181844391759
244;Relanderinaukio;Ståhlbergintie 6;25.0058079125449;60.1858547331594
245;Kulosaari (M);Ukko-Pekan porras;25.0064636871854;60.1889293103178
246;Tupasaarentie;Risto Rytin tie 30;25.0153289779219;60.1878871226314
247;Haakoninlahdenkatu;Koirasaarentie 33;25.0208609553502;60.1688685506822
248;Gunillantie;Koirasaarentie 32;25.0330122371046;60.1719938510831
249;Isosaarentie;Köökarinkuja 3;25.0450147987503;60.1755054994249
250;Reiherintie;Laajasalontie 13;25.0474962642387;60.1677304952092
251;Laajasalon ostoskeskus;Yliskylän puistokatu 4;25.0519120121374;60.1800091502319
252;Humalniementie;Ryytikuja 2;25.0530603555751;60.1837062881609
253;Tammisalon aukio;Väylänrinne 1;25.0610604378889;60.1916636460758
254;Agnetankuja;Laivalahdenkaari 24;25.0365006704009;60.1872113457581
255;Laivalahden puistotie;Laivalahden puistotie 10;25.0313242435422;60.1879616899796
256;Herttoniemenranta;Paasivaarankatu 1;25.0261074895481;60.1902241178364
257;Margareetankuja;Margareetankuja 4;25.0372267110383;60.1910267485051
258;Abraham Wetterin tie;Sorvaajankatu 1;25.0426533906378;60.1927661994999
259;Petter Wetterin tie;Hitsaajankatu 16;25.0310806077186;60.1931499986426
260;Herttoniemi (M);Hiihtäjäntie 2;25.0289074357313;60.1946246004701
261;Asentajanpuisto;Asentajankatu 8;25.0424582865295;60.1991534842401
262;Siilitie (M);Siilitie 2;25.0451499077688;60.2059412826664
263;Herttoniemen kirkko;Karhutie 11;25.0322254160118;60.1984720937284
264;Eränkävijäntori;Hiihtomäentie 39;25.0336255327162;60.2045796219055
265;Siilitie 9;Siilitie 12;25.0375268074421;60.209453145538
266;Siilitie 13;Sopulirinne 2;25.0438403800837;60.2150936967815
267;Roihupelto;Viilarintie 6;25.0550878014734;60.2093671231044
268;Porolahden koulu;Roihuvuorentie 6b;25.0535809447117;60.1955233353498
269;Peukaloisentie;Untuvaisentie 2;25.0585469211702;60.1987082869369
270;Tulisuontie;Roihuvuorentie 25;25.0600755207072;60.2020741769704
271;Prinsessantie;Prinsessantie 2;25.059863346683;60.2062943134753
272;Marjaniementie;Rakettipolku 5;25.076069360708;60.2043248841061
274;Voikukantie;Kauppakartanonkatu 10;25.0867813029403;60.2090159546746
275;Itäkeskus (M);Tallinnanaukio 2;25.0759744433382;60.2096186210914
276;Puotinharju;Turunlinnantie 4;25.0824161004374;60.2125560259595
277;Marjaniemi;Marjaniementie 23;25.0863443649103;60.2036199297435
278;Puotilantie;Puotilantie 4;25.1004180257133;60.2090787864561
279;Puotinkylän kartano;Puotilantie 12;25.1062099916086;60.2125374414988
280;Puotilan ostoskeskus;Klaavuntie 11;25.0955595128971;60.2127005636951
281;Puotila (M);Vanhanlinnantori;25.0910915854205;60.2148242972699
282;Karhulantie;Kiviportintie 2;25.1022019197012;60.2187064270041
283;Alakiventie;Alakiventie 4;25.0772822325582;60.2198397844715
284;Myllypuro (M);Kivensilmänkuja 1;25.0753901685843;60.2240882550803
285;Orpaanporras;Orpaanporras 14;25.0654178214231;60.22354882948
286;Mamsellimyllynkatu;Mamsellimyllynkatu 26;25.0591030723076;60.2182457763173
290;Vallilan varikko;Hämeentie 86;24.9628231422149;60.1952459460233
291;Itäkeskus Metrovarikko;Metrovarikonkuja 6;25.0657818190343;60.2114607347613
292;Koskelan varikko;Valtimontie 10;24.9698571193553;60.2125872907979
293;Korkeasaari;Mustikkamaanpolku 12;24.9825269338023;60.1799061320186
294;Postipuisto;Niittylänpolku 16;24.9337369553808;60.2203012590912
301;Aurinkotuulenkatu;Solvikinkatu 21;25.1593463483962;60.202773395376
302;Sumukuja;Sumukuja 2;25.1584093750563;60.2054467315293
303;Leikosaarentie;Leikosaarentie 25;25.1515462608624;60.2046812958719
304;Aurinkolahdenaukio;Aurinkoranta 8;25.1501135293384;60.2011360782064
305;Kalkkihiekantie;Kalkkihiekantie 1;25.1430402936212;60.202124196154
306;Kauppakeskus Columbus;Valkopaadentie 1;25.1455043565057;60.2063719022092
315;Vuosaaren liikuntapuisto;Pallokuja 4;25.1534645734222;60.2122976062757
308;Mosaiikkitori;Mosaiikkitori 1;25.143852587603;60.2079753561922
309;Kaivonkatsojanpuisto;Kaivonkatsojantie 5;25.1359993335263;60.2044047701442
310;Halkaisijantie;Halkaisijantie 4;25.1279098203443;60.2023869312805
311;Ramsinniementie;Ramsinniementie 1;25.1199060794359;60.1995636503578
312;Meri-Rastilan tori;Meri-Rastilan kuja 2;25.1194224144705;60.2041542257304
313;Rastila (M);Karavaanisilta 3;25.1201408621083;60.2055354689175
314;Lokitie;Vuosaarentie 1;25.1365036011866;60.2095580685415
316;Punakiventie;Punakiventie 12;25.1467500568672;60.2140014852962
317;Haapasaarentie;Marielundinaukio 1;25.146787178183;60.2187766341847
318;Vuosaaren puistopolku;Mustalahdenpolku 2;25.1410953624725;60.221320897051
319;Purjetie;Kallvikintie;25.1338286912921;60.2196483224979
320;Koukkusaarentie;Kallvikintie;25.1342325127583;60.213980722047
321;Vartioharjuntie;Vartioharjuntie 13;25.110914414719;60.2208894708644
322;Rukatunturintie;Mellunmäentie 27;25.1275969785102;60.2312813452731
323;Sallatunturintie;Sallatunturintie 2;25.118300016596;60.2367409143469
325;Mellunmäki (M);Pallaksentie 3;25.1098747367064;60.2385353540219
324;Sinkilätie;Untamalantie 2;25.1110602327979;60.2329614527257
327;Humikkalankuja;Rintinpolku 2;25.0900641525363;60.2298249948271
328;Lallukankuja;Lallukankuja 1;25.082971174464;60.2235265780465
329;Kurkimäki;Kurkimäentie 3;25.0716416497357;60.2282903943644
330;Kontula (M);Kontulankaari 1;25.0826095549619;60.2360953526154
326;Tuukkalantie;Aarteenetsijäntie 10;25.1007232150956;60.2388442456374
331;Lettopolku;Lettopolku 2;25.0855297731565;60.240913939764
332;Kontulankaari;Kontulankaari 7;25.076226580763;60.2438416352054
333;Kivikonkaari;Kontulankaari 8, toinen puoli;25.0746433427518;60.2399042915928
334;Varustuksentie;Varustuksentie 1;25.0668572558023;60.2391310073666
335;Kurkimäentie;Kivikonkaari 30;25.0626083649392;60.2331943880568
336;Kivikonlaita;Kivikonlaita 2;25.0549152254879;60.230462178329
337;Kivikon liikuntapuisto;Savikiekontie 6;25.0524695830581;60.23703581972
338;Jakomäentie;Jakomäentie 18;25.0743775866131;60.2537712252939
340;Jakomäki;Jakomäenkuja 2;25.0759055985793;60.2610194104155
339;Alppikylä;Tattariharjuntie 51;25.0648942053969;60.259431119227
341;Heikinlaakso;Vanha Porvoontie 32;25.0727127107009;60.2701965544061
342;Puistolan VPK;Puistolan raitti 5;25.0575355661699;60.2700856600164
343;Puistolantori;Puistolantori 1;25.0458546004102;60.2743699271658
344;Puistolan asema;Tapulikaupungintie 1;25.0343501212405;60.2751896029642
346;Maatullinkuja;Maatullinkuja 17;25.0246919817259;60.2762367892689
347;Sateenkaarentie;Suutarilantie 60;25.0110629825049;60.2807560752423
348;Siltamäki;Jousimiehentie 3;24.9893966166804;60.2744670938261
349;Töyrynummentie;Töyrynummentie 2;25.0039702918602;60.2719623839468
350;Töyrynummi;Pertunpellontie 4;24.9929902179008;60.2671467662216
351;Kotinummentie;Kotinummentie 68;25.0135723691851;60.2675063004499
345;Porvarintie;Porvarintie 8-10;25.032655333;60.27189034
353;Helluntairaitti;Tasankotie 14;25.0368876017095;60.2632142978322
352;Tapanilan asema;Sompiontori 1;25.0281239739891;60.2633039538104
354;Saniaiskuja;Saniaiskuja 1;25.0290905800296;60.25909156602
355;Halmetie;Vanha Tapaninlantie 70;25.0176577469294;60.2609068068142
356;Laulurastaantie;Laulurastaantie 25;25.0033102423416;60.2608846521727
357;Vanha Tapanilantie;Kirkonkyläntie 79;24.9897538768656;60.2596990442275
358;Syystie;Kirkonkyläntie 34;24.9986055764439;60.256671174374
359;Malmin sairaala;Kirkonkyläntie 23;25.0028280196256;60.2541586216461
360;Malmin asema;Ylä-Malmin tori 3;25.0091215694658;60.2523255258372
361;Huhtakuja;Kotinummentie 5;25.0131080169475;60.2575633298897
362;Teerisuontie;Teerisuontie 27;25.0214900833646;60.2533940877891
364;Ala-Malmin tori;Pikkalankatu 5;25.0132371443462;60.2503063500603
363;Väärämäentie;Väärämäentie 2-4;25.0297267023462;60.2426928298539
365;Karviaistie;Karviaistie 3;25.0078604417066;60.2468453049551
366;Tilketori;Tilketori 1;25.0039930501515;60.2498265610789
367;Karhusuontie;Karhusuontie 27;24.9870649315623;60.2517795830055
372;Jokipellontie;Jokipellontie 10;24.9833214791834;60.2452177923159
368;Pukinmäen liikuntapuisto;Kenttätie 10;24.9917239060614;60.2477323351629
369;Pukinmäen asema;Pukinmäenaukio 4;24.9939952300621;60.2430864481668
370;Rapakiventie;Lucina Hagmanin kuja 1;25.0013676173171;60.2393196827549
391;Tollinpolku;Luutnantinpolku 7a;24.8677110166808;60.245908525041
373;Mikkolantie;Mikkolantie 12;24.9715442521575;60.2355666358133
374;Etupellonpuisto;Yhdyskunnantie 22;24.95944937493;60.2419862673955
375;Piikintie;Yhdyskunnantie 54;24.9581440446396;60.2488559062646
376;Torpparinmäentie;Kuusmiehenkaari 5;24.9447682689237;60.2568807091704
379;Paloheinän kirjasto;Paloheinäntie 22;24.9416682057603;60.2495097085073
377;Paloheinän maja;Pakilantie 124;24.9183008944604;60.2552356088463
378;Paloheinäntie;Pakilantie 91;24.9238580658345;60.2469918098113
380;Pirkkolan liikuntapuisto;Pirkkolan metsätie 6;24.9097508532821;60.232734803775
381;Maununneva;Kaarelantie 14;24.8989998259643;60.2444085812279
307;Ulappasilta;Ulappasilta 1;25.1410458716813;60.2066160428581
382;Hakuninmaa;Perhekunnantie 8;24.8970699007855;60.252967146995
383;Kuninkaantammi;Kuninkaantammenkierto 22;24.892757395895;60.259256054776
384;Kalannintie;Kalanninpolku;24.8841075429141;60.2528066323977
386;Kannelmäen liikuntapuisto;Kanneltie 12;24.8788004950615;60.2437463425961
385;Pajupillintie;Vanhaistentie 3;24.8861026255016;60.2432353029777
387;Kauppakeskus Kaari;Kantelettarentie 1;24.8894796721591;60.2363305501839
388;Kaustisentie;Pelimannintie;24.8814517125501;60.2378065223104
389;Kannelmäen asema;Sitratori 2;24.8766472489767;60.2393459909658
371;Savela;Ratavallintie 6;24.9913872585832;60.2404948542171
390;Trumpettikuja;Trumpettitie 3;24.869109999497;60.2391561100934
392;Viljelijäntie;Viljelijäntie 5;24.8572979635334;60.2432334444678
393;Malminkartanon asema;Luutnantinaukio;24.8631156423813;60.2478178576762
394;Tuohipolku;Tuohipolku 1;24.8574322593556;60.2515646859168
395;Honkasuo;Naapuripellontie 27;24.8465809743929;60.255557476007
396;Malminkartanonhuippu;Naapuripellontie 7;24.8486486878388;60.2504077926351
397;Hankasuontie;Malminkartanontie 2;24.8475860266275;60.2447437736882
398;Ajomiehentie;Ajomiehentie 1;24.8512905063639;60.2388821009165
399;Vähäntuvantie;Kylväjäntie 12;24.846165047021;60.2324510345281
400;Kuusisaari;Kuusisaarenpolku 1;24.8567965996401;60.1845083389847
401;Koivusaari (M);Sotkatie 11;24.8551642686834;60.1633863116225
402;Bermudankuja;Atlantinkatu 10;24.9101421129463;60.1549042600429
403;Verkkosaari;Tukkutorinkuja 3;24.9775480765957;60.1895561753156
404;Sompasaari;Sompasaarenlaituri 2;24.9760758238593;60.1829308185667
405;Jollas;Jollaksentie 33;25.0616678668253;60.1644074899774